<?xml version="1.0" encoding="UTF-8"?>
<SOAP-ENV:Envelope
    xmlns:SOAP-ENV="http://schemas.xmlsoap.org/soap/envelope/"
    xmlns:xsd="http://www.w3.org/2001/XMLSchema"
    xmlns:SOAP-ENC="http://schemas.xmlsoap.org/soap/encoding/"
    xmlns:xsi="http://www.w3.org/2001/XMLSchema-instance">
    <SOAP-ENV:Body>
        <WSConvenioPoblacionPaciente.ExecuteResponse
            xmlns="Univer360_Produccion">
            <Sdtconpobpac
                xmlns="Univer360_Produccion">
                <SdtConPobPac.SdtConPobPacItem
                    xmlns="Univer360_Produccion">
                    <ConNum>218</ConNum>
                    <ConPacNum>255468</ConPacNum>
                    <ConPacNiv>1</ConPacNiv>
                    <ConPacTip>BEN</ConPacTip>
                    <ConPacEst>1</ConPacEst>
                </SdtConPobPac.SdtConPobPacItem>
                <SdtConPobPac.SdtConPobPacItem
                    xmlns="Univer360_Produccion">
                    <ConNum>352</ConNum>
                    <ConPacNum>255468</ConPacNum>
                    <ConPacNiv>1</ConPacNiv>
                    <ConPacTip>COT</ConPacTip>
                    <ConPacEst>1</ConPacEst>
                </SdtConPobPac.SdtConPobPacItem>
                <SdtConPobPac.SdtConPobPacItem
                    xmlns="Univer360_Produccion">
                    <ConNum>28</ConNum>
                    <ConPacNum>255468</ConPacNum>
                    <ConPacNiv>1</ConPacNiv>
                    <ConPacTip>COT</ConPacTip>
                    <ConPacEst>1</ConPacEst>
                </SdtConPobPac.SdtConPobPacItem>
            </Sdtconpobpac>
            <Codigo
                xmlns="Univer360_Produccion"/>
                <Resultado
                    xmlns="Univer360_Produccion"/>
                </WSConvenioPoblacionPaciente.ExecuteResponse>
            </SOAP-ENV:Body>
        </SOAP-ENV:Envelope>