<definitions xmlns:wsdlns="Univer360_Produccion" xmlns:soap="http://schemas.xmlsoap.org/wsdl/soap/" xmlns:xsd="http://www.w3.org/2001/XMLSchema" xmlns="http://schemas.xmlsoap.org/wsdl/" xmlns:tns="Univer360_Produccion" name="WSBuscarPaciente" targetNamespace="Univer360_Produccion">
<types>
<schema xmlns="http://www.w3.org/2001/XMLSchema" xmlns:SOAP-ENC="http://schemas.xmlsoap.org/soap/encoding/" targetNamespace="Univer360_Produccion" elementFormDefault="qualified">
<complexType name="SDTObtPaciente">
<all>
<element name="PacTipIdeCod" type="xsd:string"> </element>
<element name="PacNumIde" type="xsd:string"> </element>
<element name="PacPriApe" type="xsd:string"> </element>
<element name="PacSegApe" type="xsd:string"> </element>
<element name="PacPriNom" type="xsd:string"> </element>
<element name="PacSegNom" type="xsd:string"> </element>
<element name="PacFecNac" type="xsd:date" nillable="true"> </element>
<element name="PacGen" type="xsd:string"> </element>
<element name="PacSex" type="xsd:string"> </element>
<element name="PacDepCod" type="xsd:string"> </element>
<element name="PacMunCod" type="xsd:string"> </element>
<element name="PacDir" type="xsd:string"> </element>
<element name="PacTel" type="xsd:string"> </element>
<element name="PacTelMov" type="xsd:string"> </element>
<element name="PacEma" type="xsd:string"> </element>
<element name="PacBarNomTex" type="xsd:string"> </element>
</all>
</complexType>
<element name="WSBuscarPaciente.Execute">
<complexType>
<sequence>
<element minOccurs="1" maxOccurs="1" name="Homsedciucli" type="xsd:short"/>
<element minOccurs="1" maxOccurs="1" name="Pactipidecod" type="xsd:string"/>
<element minOccurs="1" maxOccurs="1" name="Pacnumide" type="xsd:string"/>
<element minOccurs="1" maxOccurs="1" name="Usulog" type="xsd:string"/>
<element minOccurs="1" maxOccurs="1" name="Usupas" type="xsd:string"/>
</sequence>
</complexType>
</element>
<element name="WSBuscarPaciente.ExecuteResponse">
<complexType>
<sequence>
<element minOccurs="1" maxOccurs="1" name="Sdtobtpaciente" type="tns:SDTObtPaciente"/>
<element minOccurs="1" maxOccurs="1" name="Codigo" type="xsd:string"/>
<element minOccurs="1" maxOccurs="1" name="Resultado" type="xsd:string"/>
</sequence>
</complexType>
</element>
</schema>
</types>
<message name="WSBuscarPaciente.ExecuteSoapIn">
<part name="parameters" element="tns:WSBuscarPaciente.Execute"/>
</message>
<message name="WSBuscarPaciente.ExecuteSoapOut">
<part name="parameters" element="tns:WSBuscarPaciente.ExecuteResponse"/>
</message>
<portType name="WSBuscarPacienteSoapPort">
<operation name="Execute">
<input message="wsdlns:WSBuscarPaciente.ExecuteSoapIn"/>
<output message="wsdlns:WSBuscarPaciente.ExecuteSoapOut"/>
</operation>
</portType>
<binding name="WSBuscarPacienteSoapBinding" type="wsdlns:WSBuscarPacienteSoapPort">
<soap:binding style="document" transport="http://schemas.xmlsoap.org/soap/http"/>
<operation name="Execute">
<soap:operation soapAction="Univer360_Produccionaction/AWSBUSCARPACIENTE.Execute"/>
<input>
<soap:body use="literal"/>
</input>
<output>
<soap:body use="literal"/>
</output>
</operation>
</binding>
<service name="WSBuscarPaciente">
<port name="WSBuscarPacienteSoapPort" binding="wsdlns:WSBuscarPacienteSoapBinding">
<soap:address location="http://hs.salud360.app/Salud360Hs/servlet/awsbuscarpaciente"/>
</port>
</service>
</definitions>
